code,name,issue_date,OP,IR,MAAR,AGE,TECH,VC,SOE,INTANG,PRIM,REPU,SPREAD,IPO_VOL,MKT_RET,CONC,iVX,SIMI,READ,SENT,PRICE,SIZE,SYSTEM,INDU
300833,浩洋股份,20200520,0,0.440007679,0.447702216,15,0,1,0,0.07432275,0.250002965,0,6.8337,4.007333185,0.218906667,8.665785595,18.91242416,0.628043268,0.038520262,0.541897529,52.09,11.6064679,0,20
688516,奥特维科技,20200521,0,1.671821306,1.686449021,10,0,1,0,0.018705123,0.250025337,0,8.0647,4.025351691,0.240533333,6.489204931,18.83805914,0.727574039,0.118813398,0.551093366,23.28,10.95835274,1,20
605001,威奥股份,20200522,0,0.439900867,0.473688114,12,0,1,0,0.041912714,0.250016544,1,5.9774,3.988984047,0.15894,7.782807263,18.84958862,0.710884109,0.035017148,0.581186764,16.14,11.71139789,0,25
2990,盛视科技,20200525,0,0.4400978,0.438118948,23,0,1,0,0.030174027,0.25,1,8.3178,4.007333185,-0.039906667,8.475537516,19.07564923,0.717068154,0.003001625,0.473169235,36.81,11.66283023,0,45
300835,龙磁科技,20200525,0,0.44,0.438021283,22,0,0,0,0.048279178,0.250035376,0,13.3561,4.007333185,-0.039906667,7.56112159,19.07564923,0.73515693,0.024604973,0.521659041,20,10.47277075,0,45
603950,长源东谷,20200526,0,0.440227704,0.424071612,18,0,1,0,0.044530848,0.25,0,2.5773,4.025351691,-0.061713333,7.729295674,19.07641337,0.682102086,0.047606194,0.451226332,15.81,11.42418474,0,25
300836,佰奥智能,20200528,0,0.440028389,0.435914494,14,1,1,0,0.018045739,0.25,0,8.6454,4.007333185,-0.151686667,7.926602599,18.82523153,0.718071721,0.116284651,0.541044285,28.18,10.45419463,0,20
605168,三人行,20200528,0,0.439953811,0.435840129,16,0,1,0,0.000921839,0.250000362,0,4.2828,4.007333185,-0.151686667,8.62137301,18.82523153,0.645872568,0.253392806,0.512437664,60.62,11.55876595,0,50
605288,凯迪股份,20200601,0,0.44000432,0.402179136,27,0,1,0,0.087266441,0.25,1,5.4174,4.025351691,-0.161166667,8.511577453,18.84373151,0.736830545,0.027447254,0.495767035,92.59,11.65907997,0,20
2986,宇新股份,20200602,0,0.440110028,0.43568954,10,1,1,0,0.056234198,0.250044115,0,9.2648,4.060443011,0.02446,8.517193191,18.72232622,0.710438522,0.049975107,0.504705835,39.99,11.63807384,0,15
688360,德马科技,20200602,0,1.937898089,1.928880067,19,0,1,0,0.02030904,0.250000003,0,10.3299,4.060443011,0.02446,6.523562306,18.72232622,0.729866671,0.040117537,0.519999447,25.12,10.89315959,1,20
601827,三峰环境,20200605,0,0.44005848,0.433196336,10,1,1,1,0.487624238,0.225391892,1,2.8484,4.094344562,0.10138,8.701512751,18.44928034,0.644956866,0.027240278,0.421465789,6.84,12.46356614,0,20
300837,浙矿股份,20200605,0,0.439954468,0.43309282,16,0,1,0,0.042170883,0.25,1,8.4484,4.094344562,0.10138,7.836369761,18.44928034,0.722975836,0.210916478,0.496686021,17.57,10.69023891,0,20
300838,浙江力诺,20200608,0,0.439703154,0.432292473,17,0,1,0,0.050497511,0.25,0,6.9023,4.110873864,0.154366667,0,18.36308692,0.730227816,0.093213126,0.587599818,17.57,10.69023891,0,45
688312,燕麦科技,20200608,0,2.108739837,2.092738011,8,1,1,0,0.00451529,0.250002272,1,8.36,4.110873864,0.154366667,6.903747258,18.36308692,0.736230198,0.067368569,0.560713657,19.68,11.16467437,1,45
688157,松井股份,20200609,0,1.668213457,1.651682866,11,1,1,0,0.055270993,0.25,0,7.3228,4.127134385,0.17166,6.396929655,18.29727304,0.693213039,0.035986538,0.528462688,34.48,11.13626936,1,15
688599,天合光能,20200610,0,1.109068627,1.112892963,22,0,1,0,0.016005915,0.149998087,1,6.242,4.158883083,0.156566667,7.736307097,18.3017747,0.687908308,0.041845607,0.468283041,8.16,12.44163161,1,45
2989,中天精装,20200610,0,0.44004894,0.442660155,19,0,1,0,0.004133663,0.25,1,13.2145,4.158883083,0.156566667,8.208491752,18.3017747,0.653382527,0.034231064,0.491176339,24.52,11.43829028,0,20
688004,博汇科技,20200612,0,3.407368787,3.399445386,27,0,1,0,0.000577024,0.25,0,7.2247,4.158883083,0.14392,6.854354502,18.30145689,0.712091179,0.122269475,0.530727575,28.77,10.61774533,1,45
300841,康华生物,20200616,0,0.43996021,0.418589164,16,1,1,0,0.012110676,0.25,0,5.7619,4.143134726,0.219506667,9.309552022,18.02083581,0.647406262,0.023399127,0.505126214,70.37,11.56698742,0,35
688106,金宏气体,20200616,0,1.514857881,1.477533834,20,1,1,0,0.047099051,0.250000103,1,4.9617,4.143134726,0.219506667,7.166265974,18.02083581,0.710185349,0.030985773,0.549949309,15.48,12.14117054,1,15
605166,聚合顺,20200618,0,0.439716312,0.430179873,6,0,1,0,0.023214251,0.250000792,1,5.6981,4.158883083,0.296073333,7.542213463,17.79169501,0.648898335,0.019759322,0.527181571,7.05,10.92625228,0,15
300842,帝科股份,20200618,0,0.439849624,0.430312302,9,1,1,0,0.010329907,0.25,0,7.59,4.158883083,0.296073333,7.790696031,17.79169501,0.736433084,0.1619536,0.583244951,15.96,10.5941316,0,45
688505,复旦张江,20200619,0,3.134078212,3.079285252,23,1,1,0,0.040157586,0.115052733,1,7.2449,4.189654742,0.321426667,7.452402451,17.69854204,0.721508878,0.082412659,0.568639334,8.95,11.58431546,1,35
300824,北鼎股份,20200619,0,0.439932318,0.420847494,17,0,1,0,0.014189791,0.25,0,8.3435,4.189654742,0.321426667,7.945555428,17.69854204,0.71567083,0.08161929,0.520252048,5.91,10.37726063,0,25
688520,#REF!,20200622,0,1.849843994,1.847526108,13,0,1,0,0.039084868,0.11485389,1,4.99,4.189654742,0.393013333,7.732369222,17.61833218,0.589463813,0.042286605,0.533342823,25.64,11.76134682,1,35
688518,联赢激光,20200622,0,2.357234315,2.354503749,14,1,1,0,0.045196648,0.25,0,10.2414,4.189654742,0.393013333,7.203405521,17.61833218,0.728249405,0.007781826,0.535027179,7.81,10.97539303,1,20
600956,新天绿能,20200629,0,0.440251572,0.450511037,10,0,1,1,0.046831775,0.035000815,1,6.6048,4.17438727,0.257846667,7.629975707,18.09729579,0.664309429,0.004340371,0.374865802,3.18,10.66547259,0,10
603087,甘李药业,20200629,0,0.439987366,0.450244949,21,0,1,0,0.021753762,0.100224383,1,3.1428,4.17438727,0.257846667,9.096947685,18.09729579,0.698835261,0.284162981,0.52192364,63.32,12.44723842,0,35
300839,博汇股份,20200630,0,0.439729397,0.420972559,14,1,1,0,0.06722587,0.25,0,5.9805,4.204692619,0.21314,7.559559496,18.11426467,0.677038509,0.031540027,0.486820572,16.26,10.65197483,0,10
688558,国盛智科,20200630,0,1.550374208,1.517147856,20,0,1,0,0.100609267,0.25,0,5.6824,4.204692619,0.21314,6.423246964,18.11426467,0.668410804,0.017060611,0.592357367,17.37,10.95642233,1,20
688528,秦川物联,20200701,0,1.86407767,1.807561458,18,0,1,0,0.017582493,0.25,0,8.8871,4.234106505,0.26922,6.33150185,18.12417243,0.694758091,0.010470715,0.439867451,11.33,10.77029388,1,45
300846,首都在线,20200701,0,0.439169139,0.410770332,14,1,1,0,0.01992514,0.121560956,1,19.5958,4.234106505,0.26922,7.896924656,18.12417243,0.682178515,0.041613038,0.535448004,3.37,9.732105936,0,45
300843,胜蓝股份,20200702,0,0.43956044,0.410323033,12,0,1,0,0.018084888,0.25003358,0,9.1342,4.248495242,0.368926667,7.73280753,18.19673665,0.679481431,0.015575076,0.527561067,10.01,10.52586967,0,45
688600,皖仪科技,20200703,0,1.316129032,1.272238474,16,1,1,0,0.00907342,0.250037498,0,8.0046,4.276666119,0.465573333,6.406879986,18.49371545,0.736163753,0.065717739,0.566718391,15.5,10.85276809,1,45
300845,捷安高科,20200703,0,0.44015882,0.412867864,18,0,1,0,0.028139577,0.250010828,0,10.1986,4.276666119,0.465573333,7.905072849,18.49371545,0.712895421,0.140512607,0.611396708,17.63,10.61417181,0,45
688277,天智航,20200707,0,6.142857143,6.100241494,9,1,1,0,0.003374102,0.100133197,1,7.9551,4.276666119,1.056586667,6.837332815,19.75269121,0.711267491,0.144323204,0.585493568,12.04,10.82869045,1,35
688377,迪威尔,20200708,0,1.436053593,1.397334248,10,0,1,0,0.04098939,0.250001284,1,7.0755,4.304065093,1.084593333,6.620073207,20.68054569,0.722871317,0.065251243,0.544794514,16.42,11.28873311,1,10
300840,酷特智能,20200708,0,0.439393939,0.416515792,12,0,1,0,0.080711813,0.25,0,8.2015,4.304065093,1.084593333,7.591861715,20.68054569,0.713667172,0.015536854,0.470724788,5.94,10.48122388,0,25
688568,中科星图,20200708,0,4.383713757,4.298143442,14,0,1,1,0.004468612,0.25,1,8.01,4.304065093,1.084593333,7.044032897,20.68054569,0.701483741,0.064618961,0.566909155,16.21,11.39813171,1,45
300847,中船汉光,20200709,0,0.439481268,0.419626374,20,0,1,1,0.028487811,0.250025337,1,7.7556,4.317488114,1.27236,7.83991936,21.58613191,0.716592282,0.064951558,0.449808336,6.94,10.44120707,0,15
688027,国盾量子,20200709,0,9.239082366,9.097853783,11,0,1,1,0.112800031,0.25,0,5.382,4.317488114,1.27236,7.504391559,21.58613191,0.715585194,0.016856285,0.602274346,36.18,11.18940894,1,45
300849,锦盛新材,20200710,0,0.44031451,0.466870738,22,1,1,0,0.030625657,0.25,0,8.2001,4.33073334,1.265166667,7.317876199,22.60769336,0.637970433,0.162530721,0.528496503,13.99,10.4623888,0,15
605199,葫芦娃,20200710,0,0.439306358,0.465843998,15,1,1,0,0.099214648,0.100222751,1,17.7783,4.33073334,1.265166667,7.495541944,22.60769336,0.674852596,0.008287247,0.445102009,5.19,9.943280217,0,35
688060,云涌科技,20200710,0,4.680458736,4.785193886,10,1,1,0,0.03618149,0.25,0,7.5189,4.33073334,1.265166667,6.850126166,22.60769336,0.730522657,0.062264334,0.606709531,44.47,11.10803519,1,45
300852,四会富仕,20200713,0,0.440108893,0.410484487,10,0,1,0,0.020656779,0.250052094,0,7.5,4.343805422,1.139453333,8.344505084,23.57759874,0.758674646,0.142200446,0.56615493,33.06,10.75391537,0,45
300850,新强联,20200713,0,0.439979654,0.410357907,14,1,1,0,0.034284428,0.25,0,11.0852,4.343805422,1.139453333,7.824445931,23.57759874,0.706182396,0.214207419,0.523273877,19.66,10.86090103,0,20
688309,*ST恒誉,20200714,0,2.397337636,2.430043097,14,0,1,0,0.079919748,0.250000209,0,9,4.356708827,1.23502,5.988961417,24.32424276,0.677524795,0.073079545,0.506606833,24.79,10.81134281,1,20
688180,君实生物,20200715,0,1.720720721,1.756402349,7,1,1,0,0.030815977,0.100002697,1,6.6185,4.382026635,1.081906667,7.990238186,25.05065714,0.652003286,0.018868636,0.573995959,55.5,13.08895446,1,35
688165,埃夫特,20200715,0,3.878740157,3.942723715,12,1,1,1,0.109155061,0.250003523,1,7.2072,4.382026635,1.081906667,6.844815479,25.05065714,0.689826893,0.088950867,0.541923167,6.35,11.32461501,1,20
605108,同庆楼,20200716,0,0.44011976,0.512891347,15,0,1,0,0.103161938,0.25,0,8.4094,4.394449155,0.99018,7.395721609,25.74369437,0.65228647,0.017188356,0.463161414,16.7,11.33260191,0,20
688500,慧辰股份,20200716,0,2.186495177,2.347513945,11,1,1,0,0.010396899,0.250000007,1,8.4723,4.394449155,0.99018,6.455198563,25.74369437,0.690768318,0.085554848,0.612956479,34.21,11.05923556,1,45
688981,中芯国际,20200716,0,2.019664967,2.172253534,20,0,1,0,0.013007222,0.262334979,1,1.3,4.394449155,0.99018,10.28127309,25.74369437,0.72246158,0.023033909,0.539969671,27.46,15.48754971,1,45
300851,交大思诺,20200717,0,0.439874521,0.430861524,19,1,0,0,0.041887652,0.250000575,0,9.3019,4.418840608,0.637413333,7.793174347,26.60903117,0.689372885,0.092762531,0.535856801,28.69,11.04041261,0,45
688567,孚能科技,20200717,0,0.758490566,0.74748317,10,1,1,0,0.028347319,0.2,1,4.5996,4.418840608,0.637413333,7.577121931,26.60903117,0.692286178,0.026764356,0.522747946,15.9,12.7380726,1,45
688579,山大地纬,20200717,0,2.719211823,2.695931153,27,0,1,1,0.043287992,0.100022499,0,9.2341,4.418840608,0.637413333,6.107022888,26.60903117,0.690706999,0.044717356,0.539717552,8.12,10.38862976,1,45
688488,艾迪药业,20200720,0,1.210150107,1.146114347,10,0,1,0,0.078737744,0.142857143,1,6.9967,4.430816799,0.651593333,6.797940413,27.15530274,0.681760458,0.061992895,0.58012479,13.99,11.33785754,1,35
300848,美瑞新材,20200720,0,0.440028389,0.398305742,10,1,1,0,0.054291048,0.250037498,1,7.9488,4.430816799,0.651593333,8.092239407,27.15530274,0.721311654,0.086412325,0.593270718,28.18,10.75739339,0,15
688256,寒武纪,20200720,0,2.298648859,2.203075492,4,0,1,0,0.024842319,0.100224944,1,2.4633,4.430816799,0.651593333,8.745125259,27.15530274,0.685535035,0.219761951,0.589926855,64.39,12.46150486,1,45
688580,伟思医疗,20200721,0,1.678307191,1.672177216,19,1,1,0,0.049832712,0.250000004,0,6.7532,4.430816799,0.897666667,6.777646594,27.84104153,0.695940213,0.110037771,0.541169593,67.58,11.65697576,1,35
…,,,,,,,,,,,,,,,,,,,,,,,,
1317,三羊马,20211130,0,0.44,0.445780229,16,0,1,0,0.121722817,0.25,0,9.4292,4.804021045,0.00646,7.710205194,18.76771756,0.672762746,0.16515068,0.486027883,16,10.37399106,0,20
688112,鼎阳科技,20211201,0,1.282188841,1.276617957,14,1,1,0,0.00050286,0.250000234,0,6.1609,4.795790546,-0.01822,6.695798917,18.58093259,0.688288776,0.149946661,0.654757447,46.6,11.73031007,1,45
688230,芯导科技,20211201,0,0.399154365,0.395738992,11,1,1,0,0.006749535,0.25,0,8.6668,4.795790546,-0.01822,7.224024808,18.58093259,0.754820222,0.048039924,0.525823201,134.81,12.21708677,1,45
301198,喜悦智行,20211202,0,1.660845588,1.654098869,16,0,1,0,0.087570403,0.25,0,6.7009,4.787491743,0.03324,6.749931194,18.37710957,0.69907409,0.007323091,0.392057504,21.76,10.90411943,1,15
301108,洁雅股份,20211203,0,0.443687795,0.430474502,22,0,1,0,0.029669087,0.250000043,0,9.3096,4.795790546,-0.056926667,7.72001794,18.1723046,0.723157064,0.077886524,0.4985492,57.27,11.663568,1,30
301213,观想科技,20211206,0,0.850793651,0.853969501,12,1,1,0,0.007318907,0.250000003,0,6.7385,4.820281566,0.01864,8.466531277,17.93383563,0.735478223,0.043969708,0.460035761,31.5,11.05089001,1,45
301167,建研设计,20211206,0,0.539308773,0.541950134,9,0,0,1,0.054142606,0.25,0,7.8658,4.820281566,0.01864,7.528331767,17.93383563,0.638741839,0.005157913,0.497802603,26.33,10.87161143,1,20
688151,华强科技,20211206,0,0.242519236,0.244651324,20,0,1,1,0.035245082,0.250235704,1,6.4938,4.820281566,0.01864,7.430114139,17.93383563,0.688111894,0.058788123,0.524951612,35.09,12.61987256,1,20
301111,粤万年青,20211207,0,2.146946565,2.128096655,40,1,1,0,0.018028347,0.25,0,7.9151,4.820281566,0.0154,7.064759028,17.69164848,0.721474972,0.00774674,0.424147681,10.48,10.64351832,1,35
301126,达嘉维康,20211207,0,0.915925627,0.904449415,19,0,1,0,0.010988142,0.25,0,7.3862,4.820281566,0.0154,7.275864601,17.69164848,0.638553889,0.007271528,0.381662505,12.37,11.06454727,1,30
301199,迈赫股份,20211207,0,0.400273224,0.391885721,11,0,1,0,0.035986838,0.250037498,0,7.6878,4.820281566,0.0154,6.791221463,17.69164848,0.713770643,0.072269254,0.457713394,29.28,11.48883275,1,45
301179,泽宇智能,20211208,0,0.329165719,0.309524166,10,0,1,0,0.013282265,0.25,1,6.7862,4.812184355,0.054286667,7.629489916,17.48229704,0.703991498,0.001043353,0.4227443,43.99,11.88564008,1,45
301193,家联科技,20211209,0,0.327367393,0.305736561,12,0,1,0,0.058443551,0.25,1,8.4239,4.804021045,0.15096,7.192182059,17.33463733,0.693872085,0.007097826,0.47541502,30.73,11.43160694,1,15
301168,通灵股份,20211210,0,0.57395087,0.581291224,37,0,1,0,0.030902285,0.25,1,7.7815,4.795790546,0.32708,7.687080156,17.25427729,0.743442117,0.004546865,0.415979031,39.08,11.67197839,1,45
688110,东芯股份,20211210,0,0.549039099,0.556263273,7,0,1,0,0.000686357,0.250000001,1,7.521,4.795790546,0.32708,7.943782692,17.25427729,0.736072821,0.043730904,0.557746053,30.18,12.717908,1,45
688192,迪哲医药,20211210,1,-0.218333967,-0.214688551,4,0,1,0,0.526883249,0.100000225,1,4.5475,4.795790546,0.32708,7.577633833,17.25427729,0.740173641,0.111300231,0.303151696,52.58,12.25638546,1,35
688246,嘉和美康,20211214,0,0.082278481,0.08958853,15,1,1,0,0.01126713,0.250000004,1,7.1847,4.762173935,0.231233333,7.058758153,17.09936698,0.696183127,0.000203625,0.581902705,39.5,11.82156024,1,35
603216,梦天家居,20211215,0,0.440094899,0.452694115,18,0,0,0,0.037795419,0.250090351,0,6.2,4.770684624,0.18522,7.672292456,17.02349577,0.689306071,0.016434823,0.430989386,16.86,11.44397145,0,25
688235,百济神州,20211215,1,-0.164174455,-0.156861918,11,0,1,0,0.011897417,0.086197309,1,2.1281,4.770684624,0.18522,9.701065324,17.02349577,0.710180128,0.045619554,0.558737138,192.6,14.61123942,1,35
301138,华研精机,20211215,0,2.10202522,2.129164463,19,0,0,0,0.012384352,0.25,0,10.4499,4.770684624,0.18522,7.192934221,17.02349577,0.733552535,0.004976081,0.401276528,26.17,11.27098128,1,20
301177,迪阿股份,20211215,0,0.41178987,0.424141449,11,0,1,0,0.001545722,0.100022499,1,4.6477,4.770684624,0.18522,8.50795061,17.02349577,0.731630783,0.001460326,0.478865526,116.88,13.05544738,1,25
603071,物产环能,20211216,0,0.439688716,0.431443601,21,0,1,1,0.02139625,0.180000001,1,2.9717,4.779123493,0.122906667,7.932721027,16.92552481,0.550236858,0.001777511,0.389796146,15.42,11.95029652,0,10
301101,明月镜片,20211216,0,1.493125232,1.478847073,19,1,1,0,0.058719103,0.250000372,0,9.0154,4.779123493,0.122906667,7.822444729,16.92552481,0.748883496,0.029177467,0.414703149,26.91,11.41189655,1,30
301100,风光股份,20211217,0,0.948220065,0.979665065,18,0,1,0,0.038718292,0.25,1,5.566,4.762173935,0.18872,7.871692664,16.87875577,0.724498409,0.165778992,0.507548563,27.81,11.84258886,1,15
301096,百诚医药,20211220,0,0.269849246,0.289192287,10,0,1,0,0.068059919,0.250000002,0,12.1661,4.762173935,0.132273333,8.111027838,16.84684553,0.700396951,0.014187671,0.566573391,79.6,12.27950153,1,35
688032,禾迈股份,20211220,0,0.299766942,0.319565706,9,1,1,0,0.020348099,0.25,1,2.5369,4.762173935,0.132273333,10.59245099,16.84684553,0.715682178,0.090381543,0.519185667,557.8,13.23175575,1,45
301113,雅艺科技,20211222,0,1.137908916,1.137487831,16,0,1,0,0.0221105,0.25,0,5.7199,4.795790546,0.116013333,7.541152455,16.85493508,0.695341613,0.019736808,0.4535239,31.18,10.90714793,1,25
301211,亨迪药业,20211222,0,0.446511628,0.446226721,25,0,1,0,0.074221093,0.25,1,8.5168,4.795790546,0.116013333,7.913521017,16.85493508,0.679397082,0.008207332,0.472289495,25.8,11.94988924,1,35
688248,南网科技,20211222,0,1.246732026,1.246289507,33,1,1,1,0.013056606,0.149991146,1,3.4657,4.795790546,0.116013333,6.887552572,16.85493508,0.711719643,0.006725251,0.468509968,12.24,11.54899506,1,20
301221,光庭信息,20211222,0,0.259407641,0.259159587,10,1,1,0,0.042371422,0.25000027,0,7.722,4.795790546,0.116013333,7.675546003,16.85493508,0.633744006,0.029823806,0.498292193,69.89,11.99451942,1,45
301186,超达装备,20211223,0,1.172830725,1.157778065,16,0,1,0,0.075525119,0.250141488,1,9.063,4.804021045,0.101013333,7.634820678,16.83971258,0.698978658,0.019198808,0.390329106,28.12,10.84307285,1,20
301182,凯旺科技,20211223,0,0.782448378,0.770100159,12,0,1,0,0.012777687,0.250047745,0,8.5923,4.804021045,0.101013333,7.261927093,16.83971258,0.686049796,0.071663699,0.478376791,27.12,11.08182742,1,20
1296,长江材料,20211224,0,0.440140845,0.448157847,42,0,1,0,0.050560214,0.250001794,0,9.5938,4.828313737,0.130573333,7.817625443,16.79970453,0.70045236,0.007419625,0.5049929,25.56,10.86905976,0,15
301190,善水科技,20211224,0,0.345062837,0.352550557,9,1,1,0,0.02652309,0.250004077,0,6.35,4.828313737,0.130573333,7.492760301,16.79970453,0.739412035,0.008012733,0.494700173,27.85,11.914671,1,15
603230,内蒙新华,20211224,0,0.440358744,0.448376959,22,0,1,1,0.044694515,0.250000707,0,5.5189,4.828313737,0.130573333,7.74586823,16.79970453,0.659467117,0.025013545,0.492959501,11.15,11.49825538,0,50
688167,炬光科技,20211224,0,1.451391536,1.465037986,14,1,1,0,0.046682233,0.25,1,6.2387,4.828313737,0.130573333,7.184629153,16.79970453,0.732954204,0.028472573,0.503096505,78.69,12.08375703,1,45
688210,统联精密,20211227,0,0.079279701,0.079723467,5,0,1,0,0.041970289,0.25,0,7.0843,4.820281566,0.032086667,6.901737207,16.82144551,0.745431746,0.047978038,0.561430637,42.76,11.35650555,1,45
688206,概伦电子,20211228,0,0.510254597,0.499089379,11,1,1,0,0.089951479,0.100000001,1,6.88,4.844187086,0.040766667,7.362010551,16.85572206,0.713735942,0.307099975,0.599671954,28.28,11.71732353,1,45
301166,优宁维,20211228,0,0.220543807,0.211520403,17,0,1,0,0.008672228,0.250000012,0,13.3087,4.844187086,0.040766667,7.689371108,16.85572206,0.70370227,0.002619483,0.505287676,86.06,12.13614373,1,35
301189,奥尼电子,20211228,1,-0.120731339,-0.127231717,16,1,1,0,0.066937292,0.261104639,0,8.2158,4.844187086,0.040766667,7.7419679,16.85572206,0.763405583,0.00309967,0.566398125,66.18,12.19874587,1,45
688265,南模生物,20211228,1,-0.180217443,-0.186278044,21,0,1,0,0.00062143,0.250000279,1,9.5753,4.844187086,0.040766667,7.105786129,16.85572206,0.741413253,0.108511673,0.592164965,84.62,12.01324234,1,35
301127,天源环保,20211230,0,0.93433084,0.919382688,12,0,1,0,0.236777161,0.250002561,1,5.8134,4.836281907,-0.147253333,7.657755271,16.91742151,0.697844403,0.002969865,0.37960321,12.03,11.72243651,1,20
688227,品高股份,20211230,1,-0.115125371,-0.121963519,18,1,1,0,0.167007298,0.250000002,0,9.9046,4.836281907,-0.147253333,6.762729507,16.91742151,0.755645358,0.044656508,0.559323091,37.09,11.55996495,1,45
688236,春立医疗,20211230,1,-0.03991949,-0.047338815,23,0,1,0,0.071703517,0.1,1,5.8257,4.836281907,-0.147253333,6.680854679,16.91742151,0.76497202,0.014688272,0.523989578,29.81,11.6488525,1,35
603176,汇通集团,20211231,0,0.441176471,0.435673534,16,0,0,0,0.005872298,0.249989286,0,16.8917,4.844187086,-0.205773333,7.922261058,16.85951644,0.678986847,0.041867373,0.42683302,1.7,9.895062158,0,20
600941,中国移动,20220105,0,0.005210142,0.015461223,24,0,1,0,0.025048352,0.042228332,1,0.9743,4.836281907,-0.217606667,10.54634094,16.84249444,0.663402674,0.09922126,0.58907605,57.58,15.46381329,0,50
688262,国芯科技,20220106,0,0.11291091,0.124434111,20,1,1,0,0.028497412,0.25,1,9.4602,4.852030264,-0.24018,7.579167967,16.9059109,0.652256565,0.021176238,0.62455648,41.98,12.43670806,1,45
301159,三维天地,20220107,0,0.984808454,0.983104967,26,0,1,0,0.001227941,0.250161603,1,8.4528,4.86753445,-0.25068,7.857093865,17.04109649,0.698766213,0.008053961,0.499104489,30.28,10.97835003,1,45
688176,亚虹医药,20220107,1,-0.234116623,-0.234773952,11,0,1,0,0.007140081,0.192982456,1,5.1428,4.86753445,-0.25068,7.559038255,17.04109649,0.714182885,0.030463078,0.345087836,22.98,12.44027482,1,35
1234,泰慕士,20220111,0,0.439806413,0.45369208,29,0,1,0,0.043500268,0.250000234,1,8.1806,4.890349128,-0.147493333,8.04462628,17.1959364,0.735967748,0.030968161,0.459053165,16.53,10.69388644,0,25
301136,招标股份,20220111,0,1.281368821,1.303370617,5,0,1,1,0.003851961,0.25,0,5.5296,4.890349128,-0.147493333,7.397561536,17.1959364,0.674072358,0.001530944,0.469807118,10.52,11.18965214,1,20
301196,唯科科技,20220111,1,-0.060705368,-0.051646697,16,1,1,0,0.049279078,0.25,0,11.2987,4.890349128,-0.147493333,8.030734924,17.1959364,0.787066473,0.005466789,0.517335131,64.08,12.20572058,1,25
688234,天岳先进,20220112,0,0.032733422,0.022544786,11,0,1,0,0.097064041,0.100000001,1,8.9687,4.8978398,-0.111146667,7.581209826,17.21569579,0.723921999,0.05170762,0.545137359,82.79,12.78197966,1,45
688259,创耀科技,20220112,0,0.323573574,0.310515597,15,1,1,0,0.089972556,0.25,1,6.6066,4.8978398,-0.111146667,6.785587645,17.21569579,0.709384182,0.018855402,0.532336819,66.6,11.79960704,1,45
300834,星辉环材,20220113,1,-0.091236279,-0.076046483,15,1,0,0,0.058571756,0.250000061,0,5.4717,4.905274778,-0.089893333,8.034955025,17.23589531,0.739522591,0.028131165,0.450131345,55.57,12.50293313,1,15
688220,翱捷科技,20220114,1,-0.337547101,-0.332055259,6,1,1,0,0.152088881,0.1,1,4.5,4.905274778,-0.200806667,8.270781013,17.36215903,0.75803899,0.026711214,0.264232135,164.54,13.44193767,1,45
301117,佳缘科技,20220117,0,0.751923077,0.737022895,27,1,1,0,0.001073393,0.250081018,1,6,4.905274778,-0.302126667,7.878155337,17.55834054,0.71375807,0.002136404,0.457130075,46.8,11.58958646,1,45
301158,德石股份,20220117,0,0.700127877,0.685668215,17,0,0,0,0.027270275,0.250000482,0,4.717,4.905274778,-0.302126667,7.094234846,17.55834054,0.589064386,0.019097197,0.417888156,15.64,10.98173998,1,10
688062,迈威生物,20220118,1,-0.295977011,-0.302715568,4,1,1,0,0.112454439,0.25,1,4.4488,4.927253685,-0.208033333,7.786551806,17.71026669,0.649605071,0.020161218,0.446712177,34.8,12.75895726,1,35
301116,益客食品,20220118,0,2.124561404,2.094654661,13,0,1,0,0.060280023,0.100000002,1,8.9762,4.927253685,-0.208033333,7.627057417,17.71026669,0.694182744,0.00233017,0.456408221,11.4,10.84322134,1,30
301201,诚达药业,20220120,0,0.76846884,0.752656374,22,0,1,0,0.058300338,0.25,0,6.7111,4.890349128,-0.23618,8.025189322,17.87644152,0.736004607,0.063916227,0.535229287,72.69,12.0764862,1,35
688173,希荻微,20220121,0,0.312183497,0.324316888,9,1,1,0,0.035985052,0.100022499,1,7.6,4.875197323,-0.078526667,6.980075941,17.87136341,0.738965135,0.079581704,0.549335612,33.57,11.80793242,1,45
603150,万朗磁塑,20220124,0,0.439894706,0.437662017,22,1,1,0,0.023922721,0.25,0,15.5778,4.852030264,-0.191526667,7.760040681,17.90778416,0.694436442,0.010897575,0.470775892,34.19,11.16964964,0,15
301123,奕东电子,20220125,0,0.325006715,0.35567479,24,1,1,0,0.048366123,0.25,1,8.23,4.86753445,-0.206726667,8.245121966,18.00477099,0.738247048,0.0145667,0.542556857,37.23,12.28960096,1,45
603102,百合股份,20220125,0,0.439962031,0.473290816,16,0,1,0,0.02447126,0.25,1,8.1411,4.86753445,-0.206726667,7.969011781,18.00477099,0.678635489,0.074171144,0.56620137,42.14,11.11875632,0,35
301122,采纳股份,20220126,0,0.440270324,0.429921979,17,0,1,0,0.070511709,0.250000207,1,6.1321,4.852030264,-0.327033333,7.526717561,18.21542536,0.624744343,0.022653252,0.494902541,50.31,11.68079991,1,35
688223,晶科能源,20220126,0,1.11,1.094839645,15,1,1,0,0.015720161,0.2,1,2.3,4.852030264,-0.327033333,8.448700195,18.21542536,0.695777046,0.008477771,0.421048172,5,13.81551056,1,45
301217,铜冠铜箔,20220127,0,0.256514186,0.281655133,11,0,1,1,0.033415604,0.25,1,3.7211,4.852030264,-0.211486667,8.219595454,18.33094456,0.703902566,0.008274478,0.488872899,17.27,12.78806687,1,45
688171,纬德信息,20220127,0,0.235704324,0.260428897,9,1,1,0,0.000307654,0.250000597,1,8.6476,4.852030264,-0.211486667,6.063785209,18.33094456,0.739989999,0.153887939,0.547733412,28.68,11.00303141,1,45
688270,臻镭科技,20220127,1,-0.091790562,-0.073618666,6,1,1,0,0.001194664,0.250068675,1,7.4885,4.852030264,-0.211486667,6.9117473,18.33094456,0.802108863,0.019609068,0.570700379,61.88,12.03762015,1,45
301106,骏成科技,20220128,0,0.15602649,0.170237859,12,0,1,0,0.080350095,0.25,1,7.9379,4.836281907,-0.27394,7.520234556,18.44960543,0.731592765,0.002470561,0.53518335,37.75,11.13482622,1,45
301228,实朴检测,20220128,0,0.815239044,0.837554303,13,1,1,0,0.000749808,0.25,1,8.832,4.836281907,-0.27394,6.943122423,18.44960543,0.720130016,0.004387053,0.430425815,20.08,11.00609186,1,20
301235,华康医疗,20220128,0,0.186259542,0.200842574,13,1,1,0,0.015318972,0.25,0,6.6188,4.836281907,-0.27394,7.116394144,18.44960543,0.656917216,0.003058641,0.46819657,39.3,11.54975872,1,35
688225,亚信安全,20220209,0,0.275319567,0.263451963,7,0,1,0,0.014231803,0.100022499,1,6,4.753590191,-0.260613333,6.530877628,18.88960424,0.664328631,0.0000859,0.532479592,30.51,11.71235411,1,45
301206,三元生物,20220210,0,0.171180238,0.174259145,14,0,1,0,0.030067764,0.250000371,1,3.2768,4.762173935,-0.26442,8.711443319,18.92588378,0.694804513,0.031723699,0.493239438,109.3,12.81735771,1,15
688261,东微半导,20220210,0,0.000846154,0.003477271,13,1,1,0,0.00109296,0.250000004,1,7.13,4.762173935,-0.26442,7.312553498,18.92588378,0.72876788,0.125758846,0.570094177,130,12.29646165,1,45
688283,坤恒顺维,20220215,0,0.11035503,0.098668493,11,1,1,0,0.023757982,0.25,0,9,4.700480366,-0.301966667,6.680854679,18.69939436,0.692170621,0.088863237,0.562960787,33.8,11.17015343,1,50
1313,粤海饲料,20220216,0,0.440520446,0.434941394,28,0,1,0,0.050370653,0.142857143,0,6.7844,4.615120517,-0.29548,8.114025442,18.69856797,0.631657156,0.006665514,0.436279846,5.38,10.89302875,0,30
603122,合富中国,20220216,0,0.439140811,0.433567102,21,1,1,0,0.000840716,0.250000105,1,8.7195,4.615120517,-0.29548,7.612336837,18.69856797,0.693865087,0.01736621,0.450948487,4.19,10.63812906,0,35
688267,中触媒,20220216,0,0.007159905,0.003259233,13,1,1,0,0.040905485,0.25,1,7.1777,4.615120517,-0.29548,6.704414355,18.69856797,0.713380008,0.030839499,0.546689107,41.9,12.12578137,1,15
301207,华兰疫苗,20220218,0,0.235935302,0.230070327,16,0,1,0,0.004737916,0.100022499,1,0.9667,4.59511985,-0.267913333,8.324578845,18.57130588,0.679872604,0.06089225,0.59471622,56.88,12.33524339,1,35
603215,比依股份,20220218,0,0.44,0.433166661,20,0,1,0,0.087151763,0.25,1,7.2003,4.59511985,-0.267913333,7.313886832,18.57130588,0.713497104,0.222318212,0.535978772,12.5,10.97400039,0,25
301181,标榜股份,20220221,0,0.147080745,0.151269062,12,1,1,0,0.022147587,0.25,1,5.5399,4.564348191,-0.175046667,7.221105098,18.47245865,0.64902925,0.055259681,0.45622048,40.25,11.4137955,1,25
301229,纽泰格,20220222,0,2.215976331,2.25827526,11,0,1,0,0.046361241,0.25,1,13.856,4.584967479,-0.209653333,6.812345094,18.30858758,0.727568762,0.015563724,0.442388412,20.28,10.61053764,1,25
603132,金徽股份,20220222,0,0.439814815,0.458752338,10,0,1,0,0.199932504,0.100204499,1,6,4.584967479,-0.209653333,7.687080156,18.30858758,0.634440634,0.004500745,0.461777439,10.8,11.5696838,0,15
301130,西点药业,20220223,0,1.528159645,1.501421946,31,0,1,0,0.046544765,0.250000003,1,9.8482,4.574710979,-0.145386667,7.156956365,18.0961846,0.663927812,0.066710215,0.526586778,22.55,10.72658786,1,35
301200,大族数控,20220228,1,-0.13584117,-0.137392139,19,1,1,0,0.08673151,0.1,1,3.585,4.553876892,0.01912,8.475537516,17.35945087,0.769100515,0.059187751,0.484293972,76.56,12.68091455,1,20
1266,宏英智能,20220228,0,0.44004144,0.437456893,16,0,1,0,0.001128341,0.25,1,10.0876,4.553876892,0.01912,7.955425089,17.35945087,0.606663785,0.029660556,0.474342486,38.61,11.16885588,0,20
301218,华是科技,20220307,0,0.802290536,0.861770376,23,1,1,0,0.004816737,0.250000003,0,9.58,4.48863637,-0.14912,7.641084249,17.00224787,0.664059969,0.000119804,0.457701325,33.18,11.05208263,1,45
688281,华秦科技,20220307,0,0.372031662,0.417311944,29,1,1,0,0.060757441,0.250000015,1,5.8491,4.48863637,-0.14912,7.641564441,17.00224787,0.702522478,0.148030938,0.570765838,189.5,12.66316991,1,15
301215,中汽股份,20220308,0,2,2.061461909,10,1,1,1,0.248755143,0.25,1,4.6419,4.465908119,-0.290086667,7.843456404,17.13241706,0.631907078,0.033086713,0.512829245,3.8,11.74108044,1,20
301222,浙江恒威,20220309,0,0.741612713,0.757702724,23,0,1,0,0.008239986,0.250000493,1,9.3054,4.465908119,-0.49484,7.149131599,17.36745988,0.736105125,0.038050237,0.472080301,33.98,11.36293177,1,45
603070,万控智造,20220310,0,0.439490446,0.417193737,5,0,0,0,0.035668759,0.149625935,1,7.0104,4.465908119,-0.581786667,7.593374193,17.80797082,0.532513249,0.006983591,0.492049571,9.42,10.94234984,0,45
688163,赛伦生物,20220311,0,0.674235543,0.668915042,22,0,1,0,0.059491373,0.250046202,0,10.07,4.465908119,-0.493033333,6.476972363,18.08489168,0.67958881,0.094946185,0.551910413,33.03,11.40064305,1,35
301110,青木股份,20220311,0,0.251980983,0.248002352,12,0,1,0,0.000953764,0.250000004,0,7.6387,4.465908119,-0.493033333,7.286876412,18.08489168,0.625523133,0.025801592,0.489643035,63.1,11.56350165,1,45
301131,聚赛龙,20220314,0,1.576666667,1.657990546,24,0,1,0,0.016571803,0.250149686,0,8.3365,4.48863637,-0.503566667,7.557472902,18.45613767,0.721905702,0.114586479,0.570066421,30,10.48709885,1,15
688115,思林杰,20220314,1,-0.236709825,-0.21261912,16,1,1,0,0.002735305,0.250037498,0,8.5,4.48863637,-0.503566667,6.391917113,18.45613767,0.727782293,0.08005681,0.266133957,65.65,11.60311848,1,45
603261,立航科技,20220315,0,0.440101523,0.509125925,18,0,1,0,0.045599147,0.250124016,0,7.8238,4.510859507,-0.683286667,7.568379268,18.97293396,0.671305483,0.0288961,0.513269257,19.7,10.54329988,0,20
301236,软通动力,20220315,1,-0.168496158,-0.128641985,16,1,1,0,0.027253062,0.15,1,5.3704,4.510859507,-0.683286667,8.196436811,18.97293396,0.686175294,0.004202502,0.491475873,72.88,13.04549667,1,45
688175,高凌信息,20220315,1,-0.109907121,-0.067244762,22,1,1,0,0.007211123,0.250000003,0,6.1666,4.510859507,-0.683286667,6.363028104,18.97293396,0.706417497,0.025268321,0.59202611,51.68,11.69568559,1,45
688102,斯瑞新材,20220316,0,0.900763359,0.821977412,26,0,1,0,0.076419945,0.100022499,1,10.2551,4.477336814,-0.90166,5.82008293,20.11147173,0.713751473,0.016627894,0.593791455,10.48,10.64376829,1,20
688207,格灵深瞳,20220317,1,-0.051405419,-0.069674226,8,0,1,0,0.000611181,0.250000001,1,7,4.477336814,-0.68464,6.88550967,20.85342446,0.763478899,0.114369279,0.584335371,39.49,12.11527913,1,45
301219,腾远钴业,20220317,0,0.068053799,0.047484349,17,0,1,0,0.011288539,0.250000198,0,4.4718,4.477336814,-0.68464,8.545197388,20.85342446,0.728541968,0.013625699,0.437262499,173.98,13.21378057,1,15
1308,康冠科技,20220318,0,0.277436527,0.268990129,26,0,1,0,0.00967667,0.105562285,0,2.455,4.49980967,-0.418566667,8.48714627,21.34952056,0.694414954,0.065550321,0.525251824,48.84,12.24298859,0,25
688150,莱特光电,20220318,1,-0.138321995,-0.144019402,12,0,1,0,0.07630252,0.100000001,1,6.6038,4.49980967,-0.418566667,6.03068526,21.34952056,0.778008017,0.061348703,0.474885646,22.05,11.39334431,1,15
688282,理工导航,20220318,1,-0.15043705,-0.156054352,10,1,1,0,0.038142456,0.25,1,11.3389,4.49980967,-0.418566667,6.450470422,21.34952056,0.76741747,0.112362643,0.494653828,65.21,11.87382547,1,20
301103,何氏眼科,20220322,0,0.164705882,0.165650059,12,0,1,0,0.022548724,0.25090733,0,7.7072,4.543294782,-0.46228,7.471932078,22.21913856,0.680962854,0.008089456,0.547223829,42.5,11.77240095,1,35
301137,哈焊华通,20220322,0,0.540013012,0.541261434,24,0,1,0,0.073669195,0.250000275,1,6.0914,4.543294782,-0.46228,7.031741259,22.21913856,0.725791304,0.043354915,0.547266176,15.37,11.15420056,1,15
301256,华融化学,20220322,0,0.827329193,0.82881053,21,0,1,0,0.025892845,0.25,1,5.6604,4.543294782,-0.46228,7.45007957,22.21913856,0.676216946,0.000764089,0.450346249,8.05,11.47833402,1,15
688238,和元生物,20220322,0,0.656084656,0.657427172,9,1,1,0,0.041332571,0.202762024,1,7.0896,4.543294782,-0.46228,6.098074282,22.21913856,0.703280155,0.033400721,0.604243165,13.23,11.79282735,1,35
688306,均普智能,20220322,0,0.354330709,0.355428606,5,0,1,0,0.030229864,0.25,1,6.7972,4.543294782,-0.46228,7.025538315,22.21913856,0.699024959,0.133277973,0.575775704,5.08,11.95755718,1,25
301237,和顺科技,20220323,1,-0.056270947,-0.06095397,18,1,1,0,0.088076612,0.25,0,8.2899,4.521788577,-0.523033333,7.251344983,22.60227132,0.798008912,0.028575667,0.509600825,56.69,11.63850029,1,15
688197,首药控股,20220323,1,-0.195238095,-0.199231527,5,1,1,0,0.004202217,0.250001104,1,6.1272,4.521788577,-0.523033333,7.180831199,22.60227132,0.70999313,0.093764996,0.563045692,39.9,11.90731749,1,35
603209,兴通股份,20220324,0,0.440055762,0.448595231,24,0,1,0,0.000821117,0.25,1,6.1859,4.49980967,-0.430493333,7.477038472,22.85325569,0.670653876,0.122652449,0.50037903,21.52,11.58617593,0,20
301226,祥明智能,20220325,0,0.639244774,0.669375329,26,0,1,0,0.025784177,0.25,0,7.933,4.477336814,-0.43052,7.594381243,23.05385296,0.732751975,0.021672632,0.42939078,29.66,10.82818287,1,45
603051,鹿山新材,20220325,0,0.440093059,0.466563056,23,1,1,0,0.018233731,0.250005434,1,7.7603,4.477336814,-0.43052,7.207118856,23.05385296,0.653063755,0.023514954,0.467552681,25.79,10.99065122,0,15
301102,兆讯传媒,20220328,1,-0.14669007,-0.141319885,14,1,1,0,0.000167794,0.25,0,4.0158,4.477336814,-0.47,7.891704659,23.39574024,0.749060959,0.026514441,0.437825388,39.88,12.20306814,1,50
301216,万凯新材,20220329,1,-0.108464126,-0.105375884,13,1,1,0,0.026110008,0.250003349,1,4,4.465908119,-0.298706667,8.367996885,23.56796241,0.793093034,0.075709978,0.485698861,35.68,12.63236208,1,15
301258,富士莱,20220329,0,0.377225673,0.381996324,21,1,1,0,0.022750327,0.250027272,1,7.1181,4.465908119,-0.298706667,7.273786318,23.56796241,0.698295787,0.019191769,0.506168559,48.3,11.61461164,1,35
301263,泰恩康,20220329,0,0.753135976,0.759208765,23,0,1,0,0.047218336,0.25001322,1,8.6267,4.465908119,-0.298706667,7.537430037,23.56796241,0.705161072,0.006819859,0.429376733,19.93,11.67662724,1,35
688193,仁度生物,20220330,1,-0.108602891,-0.133738339,14,1,1,0,0.001576707,0.25,1,7.2,4.477336814,-0.18788,6.90475077,23.64101168,0.683398804,0.058878829,0.580620014,72.65,11.19340867,1,35
688331,荣昌生物,20220331,1,-0.149166667,-0.142819243,13,1,1,0,0.012598324,0.100000001,1,3.5179,4.454347296,0.066586667,7.146772179,23.46394623,0.698240466,0.055358266,0.627700337,48,12.47328667,1,35
688048,长光华芯,20220401,1,-0.014851485,-0.027190599,10,0,1,0,0.003791061,0.250000081,1,6.8,4.454347296,-0.087666667,7.03966035,23.44034333,0.795444398,0.031473601,0.595775884,80.8,12.52056217,1,45
688295,中复神鹰,20220406,0,0.246164337,0.249763656,16,1,1,1,0.026235561,0.111111111,1,4.717,4.454347296,-0.02436,7.387090236,23.32547109,0.696097187,0.054357826,0.520616086,29.33,12.58895125,1,15
301097,天益医疗,20220407,0,0.209280122,0.225006759,24,0,1,0,0.036798961,0.25,1,7.789,4.454347296,0.160413333,7.411556288,23.04434459,0.693774263,0.002100931,0.415606085,52.37,11.25406898,1,35
301268,铭利达,20220407,0,0.066666667,0.080538622,17,1,1,0,0.033090742,0.100022499,1,6.0993,4.454347296,0.160413333,7.285506549,23.04434459,0.742644888,0.021774674,0.467743591,28.5,11.6442037,1,20
688337,普源精电,20220408,1,-0.346583443,-0.349930003,12,0,1,0,0.024082514,0.250000004,1,8.412,4.442651256,0.379746667,7.426549072,22.11155873,0.76185777,0.058512785,0.362218403,60.88,12.12621222,1,45
301151,冠龙节能,20220411,1,-0.081440623,-0.052159948,30,0,1,0,0.009180444,0.250485629,0,6.0936,4.454347296,0.125786667,7.621684999,21.60035874,0.789137042,0.081243268,0.498347279,30.82,11.77100363,1,20
301135,瑞德智能,20220412,0,0.05003127,0.029959421,25,0,1,0,0.024454953,0.25,0,8.2481,4.454347296,-0.211073333,7.231287004,21.4179974,0.756831208,0.009367717,0.511178716,31.98,11.30856711,1,45
688153,唯捷创芯,20220412,1,-0.36036036,-0.372587377,11,1,1,0,0.011313474,0.100179964,1,5.5187,4.454347296,-0.211073333,7.271008538,21.4179974,0.773137734,0.186082183,0.332282393,66.6,12.49475222,1,45
688302,海创药业,20220412,1,-0.298695247,-0.312101022,9,1,1,0,0.035272204,0.250061612,1,4.74,4.454347296,-0.211073333,6.855408799,21.4179974,0.721711853,0.017107145,0.365018679,42.92,11.57373755,1,35
301109,军信股份,20220413,1,-0.101694915,-0.092963784,10,0,1,0,0.772932777,0.250018292,1,3.9623,4.454347296,-0.125526667,7.740229525,21.24397775,0.656277524,0.011346258,0.39258419,34.81,12.37957013,1,20
301279,金道科技,20220413,0,0.186217949,0.197747466,18,0,1,0,0.095939417,0.25,1,6.7852,4.454347296,-0.125526667,6.872128101,21.24397775,0.73904521,0.082521417,0.459916285,31.2,11.26446411,1,20
688125,安达智能,20220415,1,-0.232535095,-0.232018243,13,0,1,0,0.019960695,0.25,1,6.758,4.454347296,-0.089653333,6.811244379,20.97027733,0.760170038,0.126517467,0.275838965,60.55,11.71432226,1,45
…,,,,,,,,,,,,,,,,,,,,,,,,
688392,骄成超声,20220927,0,0.694577128,0.670363538,15,1,1,0,0.017803304,0.25,1,8.7192,4.836281907,-0.31296,6.499787041,17.65031721,0.675524001,0.099519409,0.635949389,71.18,11.89080695,1,20
688252,天德钰,20220927,1,-0.044741697,-0.058391257,11,0,1,0,0.004156955,0.100000099,1,8.6378,4.836281907,-0.31296,6.169610732,17.65031721,0.776549948,0.091263415,0.487741874,21.68,11.38434272,1,45
301176,逸豪新材,20220928,1,-0.078726968,-0.063427113,18,0,0,0,0.023252512,0.250000001,0,8.1981,4.859812404,-0.202753333,6.873163834,17.64666194,0.746910784,0.191703605,0.550183321,23.88,11.52228909,1,45
301285,鸿日达,20220928,0,0.48630137,0.510984818,19,0,0,0,0.024314444,0.250012097,0,7.5757,4.859812404,-0.202753333,6.8134446,17.64666194,0.763405941,0.25531869,0.525595247,14.6,11.23106906,1,45
688275,万润新能,20220929,1,-0.275910364,-0.27561409,11,0,1,0,0.023765753,0.250000006,0,3.3184,4.882801923,-0.372846667,8.542665987,17.74678194,0.730308996,0.010728286,0.432340778,299.88,13.36725965,1,15
301319,唯特偶,20220929,0,0.148691099,0.149161106,24,1,1,0,0.007592291,0.25,0,7.5472,4.882801923,-0.372846667,6.579251212,17.74678194,0.734918035,0.102434997,0.591988864,47.75,11.15627195,1,45
688137,近岸蛋白,20220929,1,-0.288916094,-0.288625142,13,1,1,0,0.031362815,0.250000004,0,5.283,4.882801923,-0.372846667,6.715383386,17.74678194,0.713642803,0.133556047,0.338170203,106.19,12.13488412,1,35
1255,博菲电气,20220930,0,0.440060698,0.448485087,15,1,1,0,0.08548671,0.25,0,8.5483,4.890349128,-0.38002,7.343426229,17.81083087,0.716028048,0.074867528,0.514445216,19.77,10.5850681,0,15
301313,凡拓数创,20220930,0,0.148118812,0.154835334,19,0,0,0,0.004343579,0.250000489,1,10.4582,4.890349128,-0.38002,6.751101469,17.81083087,0.68097785,0.024287106,0.577217343,25.25,11.07580714,1,45
1269,欧晶科技,20220930,0,0.440255591,0.44868112,11,0,1,0,0.014500138,0.250000004,0,15.0238,4.890349128,-0.38002,7.770223204,17.81083087,0.642658012,0.012671343,0.429106899,15.65,10.8925342,0,45
688409,富创精密,20221010,0,0.510215745,0.544287357,14,1,1,0,0.0195015,0.250000002,1,5.6604,4.787491743,-0.390353333,7.733245647,17.86922271,0.670599417,0.160029576,0.50751256,69.99,12.80975382,1,45
603052,可川科技,20221011,0,0.440023068,0.437415596,10,0,0,0,0.008370424,0.25,1,8.0191,4.804021045,-0.630073333,6.935370446,18.0464428,0.710541079,0.100846135,0.551453083,34.68,10.99624272,0,45
688073,毕得医药,20221011,1,-0.233977273,-0.235364322,15,1,1,0,0.000202319,0.250000031,1,6.5,4.804021045,-0.630073333,6.499787041,18.0464428,0.679031854,0.063511529,0.304337172,88,11.86936838,1,35
301363,美好医疗,20221012,0,0.207436399,0.189371042,12,1,1,0,0.023679904,0.10886244,0,7.826,4.812184355,-0.6462,6.523562306,18.22679866,0.704961729,0.069832068,0.550497431,30.66,11.81843631,1,35
688459,哈铁科技,20221012,1,-0.303387334,-0.313809876,25,0,1,1,0.013187849,0.25,1,6.6617,4.812184355,-0.6462,6.775366091,18.22679866,0.77012952,0.107994553,0.429268538,13.58,12.00126005,1,20
603163,圣晖集成,20221013,0,0.44,0.452138425,19,0,1,0,0.004056346,0.25,0,7.4217,4.820281566,-0.47074,6.865891075,18.42546112,0.607698708,0.160034915,0.522767147,27.25,10.90595598,0,20
301316,慧博云通,20221013,0,2.548684211,2.578597709,13,1,1,0,0.015739132,0.100022499,1,14,4.820281566,-0.47074,6.684611728,18.42546112,0.733162587,0.023912934,0.529020043,7.6,10.32244786,1,45
688031,星环科技,20221018,0,0.605407689,0.60881516,9,1,1,0,0.000344805,0.250000687,1,3.8221,4.812184355,-0.13312,6.721425701,18.74734883,0.62336968,0.079691315,0.630765249,47.34,11.87069879,1,45
688061,灿瑞科技,20221018,1,-0.166474399,-0.164705245,17,1,1,0,0.025026255,0.250000733,1,6.5269,4.812184355,-0.13312,6.923628628,18.74734883,0.777958052,0.229472126,0.572524471,112.69,12.28887916,1,45
301299,卓创资讯,20221019,0,0.62354118,0.650081084,18,0,1,0,0.046724827,0.25,0,9.9036,4.836281907,-0.155446667,7.3524411,18.78632374,0.654875589,0.07832073,0.546021616,29.99,10.71408438,1,20
1300,三柏硕,20221019,0,0.439570278,0.463102824,18,0,0,0,0.098550315,0.250000002,1,7.0677,4.836281907,-0.155446667,7.215239979,18.78632374,0.6142904,0.139762872,0.563616585,11.17,11.12829157,0,25
603151,邦基科技,20221019,0,0.39275766,0.415524964,15,0,1,0,0.082295886,0.25,1,7.401,4.836281907,-0.155446667,6.855408799,18.78632374,0.628174048,0.071588216,0.484744565,17.95,11.23042992,0,30
688244,永信至诚,20221019,0,0.224842448,0.244864854,12,1,1,0,0.016587525,0.250000005,0,7.6401,4.836281907,-0.155446667,5.814130532,18.78632374,0.714328076,0.034547633,0.649653063,49.19,10.96130371,1,45
301273,瑞晨环保,20221025,0,0.058590657,0.060317915,11,1,1,0,0.086542098,0.25,0,7.6796,4.836281907,-0.352786667,6.745236349,19.23897038,0.756077691,0.25119851,0.475273361,37.89,11.12521663,1,45
301380,挖金客,20221025,0,0.299022427,0.301141987,11,0,0,0,0.022228962,0.25,0,8.0079,4.836281907,-0.352786667,7.436617265,19.23897038,0.650850636,0.104556877,0.440628729,34.78,10.98742604,1,50
688426,康为世纪,20221025,1,-0.109432421,-0.107979319,12,1,1,0,0.034083877,0.250000003,1,5.653,4.836281907,-0.352786667,5.888877958,19.23897038,0.630989553,0.103069931,0.606610425,48.98,11.64460632,1,35
301223,中荣股份,20221026,1,-0.066590563,-0.074106963,32,0,0,0,0.040894677,0.250093772,0,5.4888,4.844187086,-0.460286667,7.255591274,19.56274654,0.76813202,0.061969816,0.49749766,26.28,11.75140994,1,15
688291,金橙子,20221026,0,0.271572656,0.261333153,18,0,1,0,0.010075316,0.250000244,0,8.0188,4.844187086,-0.460286667,6.01615716,19.56274654,0.725330099,0.244323304,0.58086239,26.77,11.13777504,1,45
1322,箭牌家居,20221026,0,0.34148265,0.330680188,9,0,1,0,0.114299698,0.100049955,1,3.7347,4.844187086,-0.460286667,7.981391582,19.56274654,0.603910532,0.00291792,0.434553841,12.68,11.71587839,0,20
688372,伟测科技,20221026,0,0.815905025,0.801282216,6,1,1,0,0.006143748,0.250000287,0,5.9006,4.844187086,-0.460286667,6.345636361,19.56274654,0.714661543,0.176323529,0.631248828,61.49,11.80595472,1,45
688152,麒麟信安,20221028,0,2.123820584,2.203047976,7,1,1,0,0.001557881,0.25,0,6.1216,4.852030264,-0.341493333,6.710523109,19.98040517,0.680186225,0.05069688,0.581136509,68.89,11.41865533,1,45
301389,隆扬电子,20221031,1,-0.069333333,-0.060679372,22,0,0,0,0.009867893,0.25,0,6.5,4.852030264,-0.46762,7.53369371,20.34286746,0.778328936,0.07189172,0.52660864,22.5,11.9796738,1,15
1298,好上好,20221031,0,0.199603624,0.210758341,7,1,1,0,0.000206478,0.25,0,8.6807,4.852030264,-0.46762,7.787382026,20.34286746,0.607130692,0.015299389,0.524477573,35.32,11.34767339,0,45
1299,美能能源,20221031,0,0.439663237,0.453050188,14,0,0,0,0.024846789,0.250027055,0,6.2736,4.852030264,-0.46762,7.375882148,20.34286746,0.664200586,0.010998812,0.392552407,10.69,10.82249659,0,10
301379,天山电子,20221101,0,0.018724215,-0.016447618,17,0,0,0,0.046028589,0.250049339,1,7.1945,4.875197323,-0.381953333,6.812345094,20.75550868,0.742138413,0.04306034,0.536348213,31.51,11.28785932,1,45
301230,泓博医药,20221101,0,0.28075,0.236531629,14,1,1,0,0.014454427,0.250411934,1,7.987,4.875197323,-0.381953333,6.733401892,20.75550868,0.712886732,0.132387731,0.501809231,40,11.2515607,1,35
301367,怡和嘉业,20221101,0,1.419085752,1.335565915,21,0,1,0,0.001954318,0.25,1,8.1935,4.875197323,-0.381953333,7.812782819,20.75550868,0.688808441,0.04758826,0.544152399,119.88,12.16425015,1,35
301267,华厦眼科,20221107,0,0.377751572,0.37478753,18,0,1,0,0.029428108,0.107142857,1,7.6,4.820281566,-0.116893333,7.870165946,21.52274924,0.673449951,0.047065218,0.518175427,50.88,12.62898467,1,35
688419,耐科装备,20221107,0,0.191281374,0.188718497,17,0,1,0,0.03686715,0.25,0,6.7839,4.820281566,-0.116893333,6.489204931,21.52274924,0.742110506,0.067086068,0.522023414,37.85,11.25922605,1,15
603280,南方路机,20221108,0,0.44,0.449974374,25,0,0,0,0.01828,0.250000002,0,9.4168,4.828313737,-0.10936,6.98471632,21.80232733,0.699891368,0.009902972,0.405865447,23.75,11.07228644,0,20
301388,欣灵电气,20221109,0,0.300618238,0.312893795,30,1,0,0,0.048470857,0.25,1,7.3598,4.820281566,-0.1411,6.98471632,22.07490452,0.74486296,0.048644123,0.49162114,25.88,11.10162356,1,20
301359,东南电子,20221109,0,0.450575816,0.46426671,27,1,0,0,0.06594666,0.25,0,9.4025,4.820281566,-0.1411,6.708084084,22.07490452,0.690581595,0.103317168,0.555738745,20.84,10.70823514,1,20
688432,有研硅,20221110,0,0.917255298,0.932122984,21,1,1,0,0.026222853,0.149999999,1,8.9988,4.820281566,-0.096206667,7.090909822,22.30590439,0.746063362,0.119379018,0.542134086,9.91,12.13057153,1,45
301396,宏景科技,20221111,0,0.24619985,0.212400548,25,0,0,0,0.000256581,0.250000293,0,8.6409,4.820281566,-0.109366667,7.135687347,22.48846172,0.70884586,0.005085647,0.542205065,40.13,11.42580776,1,45
301356,天振股份,20221114,1,-0.10968254,-0.110991161,19,1,0,0,0.090609545,0.25,0,4.4105,4.804021045,0.097853333,7.756623335,22.62693858,0.771097053,0.00991279,0.430960244,63,12.14950229,1,15
1338,永顺泰,20221116,0,0.439882698,0.451741978,4,1,1,1,0.012686581,0.249999999,1,5.7547,4.828313737,0.44004,8.370547611,22.68056415,0.623083182,0.075522047,0.389420734,6.82,11.35677749,0,30
301361,众智科技,20221116,0,0.218229955,0.228263641,19,1,0,0,0.063562022,0.25,0,6.5623,4.828313737,0.44004,6.82437367,22.68056415,0.746161761,0.127422196,0.527259681,26.44,11.25009885,1,45
301277,新天地,20221116,0,0.474074074,0.486214964,17,0,0,0,0.049089323,0.25014997,1,7.122,4.828313737,0.44004,7.20489251,22.68056415,0.713689119,0.174958737,0.509493669,27,11.40836463,1,35
688362,甬矽电子,20221116,0,0.620280475,0.633625562,4,0,1,0,0.017189114,0.147181475,1,6.7201,4.828313737,0.44004,6.208590026,22.68056415,0.726033617,0.027255724,0.505844301,18.54,11.61944531,1,45
688376,美埃科技,20221118,0,0.291538198,0.297346418,21,0,1,0,0.020025967,0.25,0,6.949,4.844187086,0.35108,6.470799504,22.95120639,0.701556328,0.000906279,0.546689447,29.19,11.49352244,1,45
301335,天元宠物,20221118,1,-0.102040816,-0.098002574,19,0,1,0,0.028829879,0.25,1,8,4.844187086,0.35108,7.186144305,22.95120639,0.773036117,0.04202049,0.520741662,49.98,11.63030842,1,25
603130,云中马,20221118,0,0.440162272,0.446638874,12,1,0,0,0.068384279,0.25,1,5.1954,4.844187086,0.35108,7.105786129,22.95120639,0.630524554,0.044454779,0.506454845,19.72,11.1421516,0,25
301165,锐捷网络,20221121,0,0.158122298,0.168090785,19,1,1,1,0.002134439,0.12,1,3.9,4.787491743,0.486133333,7.730174795,22.92101462,0.694474463,0.035649089,0.475899729,32.38,12.3048624,1,45
301377,鼎泰高科,20221122,0,0.476398601,0.476224407,9,0,1,0,0.044791956,0.12195122,1,6.33,4.804021045,0.49066,7.011213987,22.72208895,0.738484615,0.07974775,0.551644263,22.88,11.64745636,1,45
301365,矩阵股份,20221122,1,-0.021025346,-0.021140851,12,1,1,0,0,0.25,0,6.8421,4.804021045,0.49066,7.002155954,22.72208895,0.713711415,0.227860932,0.596405542,34.72,11.55368346,1,25
688480,赛恩斯,20221125,0,0.331074035,0.324387204,13,1,1,0,0.200843525,0.250000003,1,7.4811,4.804021045,0.204673333,6.02827852,22.8100389,0.694536331,0.012819156,0.487717943,19.18,10.72493516,1,20
301290,东星医疗,20221130,0,0.204808347,0.203365512,21,0,0,0,0.101141067,0.250000005,1,7,4.779123493,0.18242,7.100851909,22.90449954,0.710184677,0.035743905,0.497424558,44.09,11.61187773,1,35
301311,昆船智能,20221130,0,0.441642651,0.439916191,24,1,0,1,0.020353116,0.25,1,5.1701,4.779123493,0.18242,7.098375639,22.90449954,0.714143368,0.062614511,0.522394267,13.88,11.3299637,1,20
301391,卡莱特,20221201,1,-0.116666667,-0.126131536,10,0,1,0,0.001292507,0.25,1,9.5,4.753590191,0.252746667,7.380255788,22.98618852,0.775792843,0.047177887,0.530284344,96,12.00273172,1,45
688489,三未信安,20221202,0,0.514767398,0.524088725,14,0,1,0,0.020400201,0.250012187,1,7.3,4.753590191,0.376253333,6.892641641,22.93465224,0.683529941,0.145824595,0.516464438,78.89,11.92500505,1,45
1256,炜冈科技,20221205,0,0.439882698,0.412182734,15,0,0,0,0.060272026,0.250002528,0,8.0758,4.718498871,0.149626667,7.659642955,22.86271622,0.692284546,0.180977648,0.495976924,13.64,10.79192599,0,20
1333,光华股份,20221208,0,0.439841499,0.439572299,8,0,1,0,0.022856227,0.25,0,8.5744,4.770684624,0.21822,7.578656851,22.3059005,0.737506009,0.090685237,0.517623692,27.76,11.39450222,0,15
601022,宁波远洋,20221208,0,0.440389294,0.440119992,30,0,0,1,0.000450541,0.1,0,3.4642,4.770684624,0.21822,7.599901959,22.3059005,0.642169486,0.043164105,0.376881544,8.22,11.58586844,0,20
688084,晶品特装,20221208,0,0.444735979,0.444465864,13,1,1,0,0.011770596,0.251126547,0,6.1369,4.770684624,0.21822,6.473890696,22.3059005,0.73397068,0.03962168,0.526476629,60.98,11.66015511,1,45
688420,美腾科技,20221209,0,0.019403595,0.009443417,7,0,1,0,0.032739348,0.250028271,1,7.9173,4.779123493,0.246806667,6.212606096,22.09500859,0.732093387,0.031315004,0.467549389,48.96,11.59220382,1,20
688503,聚和材料,20221209,0,0.353727273,0.340500554,7,0,1,0,0.042170758,0.250199413,0,3.8961,4.779123493,0.246806667,7.444833274,22.09500859,0.71519528,0.076051278,0.509725688,110,12.63785506,1,45
688143,长盈通,20221212,0,0.37398374,0.389553689,12,0,1,0,0.024171045,0.250000005,1,7.2634,4.762173935,0.342433333,6.013715156,21.91188908,0.731294532,0.134354577,0.563420635,35.67,11.33775639,1,45
1223,欧克科技,20221212,0,0.215614517,0.22938983,11,0,1,0,0.018702436,0.25014997,0,5.4717,4.762173935,0.342433333,8.095293777,21.91188908,0.696881725,0.002639956,0.504372651,65.58,11.60265135,0,30
301368,丰立智能,20221215,0,0.199283475,0.200163195,27,0,0,1,0.095210127,0.25062448,1,8.2259,4.795790546,0.319313333,6.587550015,21.38987781,0.670476193,0.037057414,0.533528078,22.33,11.11562642,1,20
301398,星源卓镁,20221215,0,0.195930233,0.196807493,19,0,1,0,0.052462061,0.25,0,10.1395,4.795790546,0.319313333,6.478509642,21.38987781,0.71628587,0.039542997,0.510569818,34.4,11.13895902,1,25
301265,华新环保,20221216,0,0.210090361,0.209405837,16,1,0,0,0.046763448,0.250022129,0,6.5643,4.820281566,0.343966667,7.192182059,21.08760313,0.641220662,0.008947014,0.417013357,13.28,11.51886777,1,20
688172,燕东微,20221216,0,0.046860783,0.046268595,35,1,1,1,0.013931186,0.15,1,4.6038,4.820281566,0.343966667,7.156956365,21.08760313,0.732544606,0.029045947,0.547139378,21.98,12.8875375,1,45
688498,源杰科技,20221221,0,0.15656666,0.156107685,9,0,1,0,0.01702285,0.25,1,6.9854,4.812184355,-0.0293,6.620073207,20.25315905,0.733154987,0.037161779,0.51722641,100.66,11.92496889,1,45
688141,杰华特,20221223,0,0.326189232,0.328894862,9,1,1,0,0.014518989,0.129967777,1,6,4.828313737,-0.0973,6.71417053,19.59210569,0.737296561,0.138194595,0.56624052,38.26,12.31139652,1,45
688147,微导纳米,20221223,0,0.133828996,0.136142181,6,0,1,0,0.004175689,0.1,0,4.4595,4.828313737,-0.0973,6.349138991,19.59210569,0.734331978,0.093477673,0.575711621,24.21,11.60854878,1,45
301280,珠城科技,20221226,1,-0.185311573,-0.188548453,22,1,1,0,0.020036084,0.250000768,0,5.4442,4.836281907,-0.0701,6.931471806,19.3836355,0.767743434,0.135804967,0.537990665,67.4,11.60575256,1,45
688410,山外山,20221226,1,-0.189783282,-0.193002395,21,0,1,0,0.036510959,0.250051373,0,6.4277,4.836281907,-0.0701,6.633318433,19.3836355,0.752970995,0.000684497,0.538125811,32.3,11.66902025,1,35
301255,通力科技,20221227,0,0.058887088,0.046803831,14,0,1,0,0.086128654,0.25,0,8.0794,4.828313737,-0.174273333,7.38832786,19.18555755,0.739912543,0.077373688,0.529775756,37.02,11.04984184,1,25
301301,川宁生物,20221227,0,1.01,0.987063328,12,0,1,0,0.030279145,0.100233939,0,5.8179,4.828313737,-0.174273333,7.987184748,19.18555755,0.682955677,0.037383249,0.516635883,5,11.62088261,1,35
688475,萤石网络,20221228,1,-0.12234967,-0.118588688,7,0,1,1,0.061466939,0.2,1,2.7894,4.828313737,-0.133333333,6.624065228,18.97597338,0.744288534,0.126605324,0.50606126,28.77,12.68745659,1,45
1301,尚太科技,20221228,0,0.440082645,0.44625381,14,0,1,0,0.035549023,0.250000192,0,4.6812,4.828313737,-0.133333333,8.621913502,18.97597338,0.664027894,0.137732485,0.531523935,33.88,12.30145882,0,45
688496,清越科技,20221228,0,0.088427948,0.093092172,11,0,1,0,0.017094519,0.2,1,7.6,4.828313737,-0.133333333,6.522092798,18.97597338,0.687086694,0.143083269,0.567271182,9.16,11.31982604,1,45
301105,鸿铭股份,20221230,1,-0.057037037,-0.060674107,20,1,1,0,0.033761389,0.25,0,9,4.844187086,-0.171713333,6.88857246,18.54015018,0.792233133,0.015116239,0.47951116,40.5,10.8322008,1,20
301297,富乐德,20221230,0,0.77004717,0.763219982,4,0,1,0,0.037590613,0.250007388,0,8.6151,4.844187086,-0.171713333,7.101675972,18.54015018,0.703744499,0.090928031,0.549828397,8.48,11.1808149,1,20
688525,佰维存储,20221230,0,0.147962831,0.143535063,12,1,1,0,0.00639586,0.100000001,1,8.3007,4.844187086,-0.171713333,5.937536205,18.54015018,0.713288939,0.042689355,0.519399239,13.99,11.00541052,1,45
688506,百利天恒,20230106,0,0.29757085,0.293558232,16,0,1,0,0.014828329,0.1,0,7.976,4.828313737,0.02674,6.81014245,17.69151744,0.632665371,0.018996067,0.567381549,24.7,11.50334976,1,35
688485,九州一轨,20230118,0,0.234115627,0.236186239,12,0,1,1,0.041025213,0.250000003,0,7.9648,4.770684624,0.494633333,6.439350371,17.41035661,0.638879006,0.052209107,0.477995861,17.47,11.09186117,1,20
301317,鑫磊股份,20230119,0,0.328011611,0.319801128,16,0,1,0,0.041794729,0.250015904,0,9.7903,4.770684624,0.406513333,7.069023427,17.49413321,0.72344204,0.169000924,0.48211464,20.67,11.30507808,1,20
688435,英方软件,20230119,0,1.767718572,1.750607046,11,1,1,0,0.000721208,0.250859126,0,6.6038,4.770684624,0.406513333,6.499787041,17.49413321,0.701784741,0.02285539,0.585086526,38.66,11.30211431,1,45
603173,福斯达,20230130,0,0.440214477,0.433421493,22,1,1,0,0.023421737,0.25,0,7.8,4.663439094,0.542446667,7.416378479,17.77899133,0.59276562,0.029735858,0.474041049,18.65,11.21989579,0,20
603281,江瀚新材,20230131,0,0.440011239,0.45542271,24,0,1,0,0.022575163,0.250000001,1,11.5307,4.672828834,0.548226667,8.135932772,17.99521308,0.704767879,0.039746279,0.469387533,35.59,12.37698996,0,15
301260,格力博,20230208,0,0.241491086,0.247001586,20,1,1,0,0.036172471,0.249998988,1,4.3,4.634728988,0.1296,8.217708407,18.95626153,0.72530317,0.016518082,0.438527327,30.85,12.83455036,1,20
301373,凌玮科技,20230208,0,0.285206048,0.290910582,15,1,0,0,0.054574263,0.250018228,1,7.6913,4.634728988,0.1296,6.829793738,18.95626153,0.735717324,0.011461289,0.50413092,33.73,11.4238293,1,15
301358,湖南裕能,20230209,0,1.254943206,1.225076011,6,0,1,1,0.020828239,0.249999911,1,3.9623,4.65396035,0.112493333,8.69064217,19.06929507,0.671805143,0.094828205,0.505780861,23.77,13.01698035,1,45
301419,阿莱德,20230209,0,1.208870968,1.179614009,18,0,1,0,0.042237815,0.25,0,7.9215,4.65396035,0.112493333,6.508769137,19.06929507,0.725641219,0.029878311,0.480398086,24.8,11.03488966,1,45
688515,裕太微,20230210,0,1.526956522,1.542061451,6,1,1,0,0.037220647,0.25,1,8,4.634728988,0.188946667,7.031741259,19.15643003,0.728911837,0.142876017,0.550691409,92,12.12269104,1,45
1314,亿道信息,20230214,0,0.44,0.439404087,14,0,1,0,0.027879828,0.25,1,8.7665,4.615120517,0.012026667,8.101374671,19.34811676,0.645944036,0.029733486,0.575241193,35,11.71900424,0,25
688307,中润光学,20230216,0,1.021775544,1.036692278,10,0,0,0,0.050693793,0.25,0,9.4973,4.644390899,-0.00762,6.208590026,19.28651365,0.717866303,0.06559041,0.586523728,23.88,10.86925393,1,45
1260,坤泰股份,20230216,0,0.440084093,0.450709086,13,1,0,0,0.051474055,0.25,0,8.8967,4.644390899,-0.00762,7.170888479,19.28651365,0.619464822,0.085803014,0.455462308,14.27,10.62196738,0,25
603307,扬州金泉,20230216,0,0.44007732,0.450702263,24,0,1,0,0.010044608,0.25,0,14.4536,4.644390899,-0.00762,7.430707083,19.28651365,0.695620139,0.057535726,0.460039761,31.04,10.85884514,0,25
603190,亚通精工,20230217,0,0.44001375,0.461064771,20,0,1,0,0.063096474,0.25,0,6.8752,4.624972813,-0.09792,6.884486652,19.2126706,0.72920629,0.003984777,0.492209951,29.09,11.37676204,0,25
301303,真兰仪表,20230220,0,0.269029851,0.238641032,11,0,0,0,0.039333502,0.25,0,4.0768,4.574710979,-0.234906667,7.674152921,19.20058439,0.750411754,0.084562035,0.43198725,26.8,12.18403151,1,45
688486,龙迅股份,20230221,0,0.35870908,0.355147752,16,1,1,0,0.008255299,0.250000007,1,6.2427,4.59511985,-0.10294,6.988413182,19.15411593,0.723748128,0.126100068,0.546130538,64.76,11.62714268,1,45
1225,和泰机电,20230222,0,0.440076907,0.453191964,27,0,0,0,0.058881075,0.250001546,0,5.2856,4.605170186,-0.014826667,7.392647521,19.16224658,0.692066564,0.056591408,0.438505207,46.81,11.23442471,0,20
1311,多利科技,20230227,0,0.439954744,0.44608034,12,0,1,0,0.052139668,0.250000004,1,5.9863,4.574710979,-0.12574,8.623713035,18.93515852,0.614367151,0.058098959,0.47252184,61.87,12.29493806,0,25
301408,华人健康,20230301,0,0.558497537,0.536790373,21,0,0,0,0.012810329,0.150021249,1,8.0189,4.574710979,-0.03562,7.374629015,18.65609382,0.670922191,0.00376106,0.415889017,16.24,11.48715874,1,30
688522,纳睿雷达,20230301,0,0.293916024,0.275894021,8,1,1,0,0.077431984,0.250000647,1,7,4.574710979,-0.03562,7.017506143,18.65609382,0.733695846,0.030322037,0.577399941,46.68,12.1035501,1,45
603061,金海通,20230303,0,0.440081939,0.435614307,10,1,1,0,0.011588234,0.25,1,10.544,4.553876892,-0.016346667,7.779466967,18.39591755,0.636655786,0.027897125,0.525327267,58.58,11.38361373,0,45
1337,四川黄金,20230303,0,0.440056417,0.435588864,16,0,0,1,0.182169146,0.142857143,1,5.2028,4.553876892,-0.016346667,7.823245691,18.39591755,0.590916724,0.04624071,0.423890256,7.09,10.65820009,0,15
301322,绿通科技,20230306,0,0.013652658,0.018966569,18,0,1,0,0.040845588,0.250093664,0,7.0872,4.553876892,0.044013333,8.085178748,18.32829865,0.739362714,0.23971571,0.510874998,131.11,12.34283614,1,25
1366,播恩集团,20230307,0,0.439914163,0.461309191,16,1,0,0,0.128020777,0.251120239,1,8.4561,4.553876892,-0.051253333,7.347943823,18.24711466,0.560822498,0.009861824,0.499954295,9.32,10.53492421,0,30
1278,一彬科技,20230308,0,0.44,0.44526365,16,0,0,0,0.046840964,0.250000404,0,7.1759,4.553876892,-0.15162,7.728855824,18.21458839,0.627068856,0.008519006,0.452763813,17,10.87011012,0,25
688502,茂莱光学,20230309,0,1.753872633,1.763639334,23,0,1,0,0.04062559,0.25,1,9.2173,4.532599493,-0.14116,6.874198495,18.17788679,0.750575437,0.051637748,0.574700224,69.72,11.42987424,1,45
301157,华塑科技,20230309,0,0.500353982,0.505675038,17,1,0,0,0.003235857,0.25,1,7.5472,4.532599493,-0.14116,7.06646697,18.17788679,0.739309824,0.228970336,0.516263264,56.5,11.34746103,1,45
601121,宝地矿业,20230310,0,0.440639269,0.459782861,21,0,0,1,0.494642968,0.25,1,4.7601,4.510859507,-0.115893333,7.721791777,18.104444,0.533752289,0.000150453,0.507403219,4.38,11.38053628,0,15
1368,通达创智,20230313,0,0.440111421,0.425184043,7,0,0,0,0.050814742,0.25,0,8.7132,4.49980967,-0.107266667,7.40671073,18.04822348,0.697820481,0.025573141,0.519190087,25.13,11.16143705,0,25
603153,上海建科,20230313,0,0.440278989,0.425349874,20,0,0,1,0.037674139,0.134191801,1,2.1859,4.49980967,-0.107266667,7.372118028,18.04822348,0.63665464,0.001087755,0.433863605,11.47,11.0522383,0,20
603282,亚光股份,20230315,0,0.44,0.439202682,26,1,1,0,0.033571274,0.250336273,0,10.4068,4.510859507,-0.25842,7.089243155,17.92892401,0.619296775,0.002457777,0.48819862,18,11.00708738,0,35
603073,彩蝶实业,20230316,0,0.439798489,0.457251996,20,1,0,0,0.093959018,0.25,0,8.5278,4.477336814,-0.19456,6.926577033,17.81282883,0.707948971,0.017428913,0.452985646,19.85,10.96067002,0,25
301439,泓淋电力,20230317,0,0.215607804,0.209568429,25,0,0,0,0.009563666,0.250011688,1,11.1595,4.454347296,-0.26904,7.821643126,17.76511493,0.74454604,0.017677803,0.488752757,19.99,12.17799575,1,45
301378,通达海,20230320,0,0.174,0.179884082,27,0,1,0,0.240702454,0.25,1,7.7199,4.477336814,-0.166546667,8.132118773,17.66258382,0.708208176,0.099297307,0.559450205,95,11.60139411,1,45
301246,宏源药业,20230320,1,-0.161,-0.156794936,21,0,0,0,0.044813724,0.118140992,0,5.8962,4.477336814,-0.166546667,7.794823152,17.66258382,0.773298541,0.041168586,0.540444585,50,12.37285746,1,15
301345,涛涛车业,20230321,1,-0.20136147,-0.21004544,7,0,1,0,0.02244249,0.250001829,0,5.0466,4.477336814,-0.171553333,7.585281079,17.58612913,0.769864273,0.003483269,0.40733204,73.45,12.20976009,1,25
603065,宿迁联盛,20230321,0,0.439688716,0.424034307,11,1,0,0,0.038755473,0.10000774,1,9.7199,4.477336814,-0.171553333,7.033506484,17.58612913,0.695570345,0.011950335,0.461000972,12.85,10.89379982,0,15
603291,联合水务,20230327,0,0.440273038,0.445502867,18,0,0,0,0.591409534,0.100000001,1,12.0964,4.343805422,-0.165766667,6.844815479,17.42372186,0.605616919,0.011711659,0.434007992,5.86,10.11857958,0,55
301314,科瑞思,20230328,0,0.36406397,0.368485547,17,0,0,0,0.030867728,0.25,0,7.5,4.317488114,-0.15512,7.348587531,17.38484636,0.674728526,0.006556624,0.452647314,63.78,11.12429004,1,45
301386,未来电器,20230329,1,-0.056352117,-0.057914095,21,0,0,0,0.016881309,0.25,0,9.7952,4.304065093,-0.079053333,7.31521839,17.29650173,0.741328585,0.09840113,0.522163531,29.99,11.56138224,1,20
600925,苏能股份,20230329,0,0.284789644,0.282662989,8,1,0,1,0.205682294,0.1,1,5.3717,4.304065093,-0.079053333,8.647694999,17.29650173,0.684770356,0.001763316,0.397645803,6.18,12.96157006,0,10
603162,海通发展,20230329,1,-0.118120805,-0.11958054,13,0,0,0,0.000506579,0.1,1,5.6301,4.304065093,-0.079053333,7.610357618,17.29650173,0.680482339,0.074176075,0.478043643,37.25,11.94320025,0,20
688531,日联科技,20230331,0,0.274445465,0.270544892,13,0,1,0,0.068973705,0.250000003,1,8.6543,4.219507705,0.033726667,8.112827479,17.10442845,0.695574978,0.09414091,0.634113139,152.38,12.61975159,1,45
301141,中科磁业,20230403,0,0.058252427,0.047996731,12,1,0,0,0.004775982,0.250014905,0,7.8573,4.248495242,0.14162,7.313220387,16.97808949,0.726637167,0.061360366,0.504941123,41.2,11.42144594,1,15
301203,国泰环保,20230404,1,-0.128766529,-0.1314287,21,1,1,0,0.018861754,0.25,0,4.7548,4.304065093,0.137033333,6.626717749,16.88846739,0.734894642,0.031507142,0.448483892,46.13,11.43236596,1,20
301281,科源制药,20230404,1,-0.122906292,-0.12558637,18,1,0,0,0.033402518,0.250161603,1,8.6491,4.304065093,0.137033333,6.797940413,16.88846739,0.736313799,0.000685627,0.460104329,44.18,11.3561348,1,15
688343,云天励飞,20230404,0,1.370446266,1.363203049,8,1,1,0,0.000257914,0.25,1,7.194,4.304065093,0.137033333,8.147288259,16.88846739,0.687059039,0.017610074,0.616976866,43.92,12.87370138,1,45
688535,华海诚科,20230404,0,0.79,0.784530414,12,1,1,0,0.010883543,0.250072949,0,7.4158,4.304065093,0.137033333,6.440946541,16.88846739,0.711142704,0.052998502,0.571140357,35,11.16521026,1,45
688484,南芯科技,20230407,0,0.48412103,0.474532147,7,1,1,0,0.001874306,0.150001181,1,5.57,4.317488114,0.183166667,7.181591945,16.766109,0.681411751,0.036091922,0.516540554,39.99,12.44531184,1,45
1328,登康口腔,20230410,0,1.738878143,1.751200771,21,0,1,1,0.008505135,0.25000029,1,5.6604,4.442651256,0.306366667,7.995643604,16.67193982,0.708783348,0.050734212,0.497216367,20.68,11.39646715,1,30
603135,中重科技,20230410,0,0.6,0.607198643,21,0,0,0,0.01631781,0.2,1,4.7217,4.442651256,0.306366667,8.001019961,16.67193982,0.727461347,0.093657766,0.515118053,17.8,11.98417831,1,20
1287,中电港,20230410,0,2.215488215,2.229955184,8,1,0,1,0.0011522,0.25,1,4.717,4.442651256,0.306366667,8.832295859,16.67193982,0.709625604,0.097058995,0.582757768,11.88,12.3269453,1,45
1367,海森药业,20230410,0,0.683453237,0.691027348,25,0,0,0,0.033485363,0.25,1,7.2,4.442651256,0.306366667,7.417580402,16.67193982,0.71247317,0.070844399,0.494320262,44.48,11.23342318,1,35
601061,中信金属,20230410,0,0.708206687,0.715892168,35,0,0,0,0.000243839,0.102276295,1,2.1743,4.442651256,0.306366667,8.65347081,16.67193982,0.687569107,0.183210999,0.567933489,6.58,12.70611039,1,15
603125,常青科技,20230410,0,0.716705158,0.724428875,12,1,0,0,0.07066364,0.250012984,0,7.7399,4.442651256,0.306366667,7.828038032,16.67193982,0.679361076,0.115371497,0.535062494,25.98,11.73661063,1,15
1286,陕西能源,20230410,0,0.479166667,0.485821662,19,0,0,1,0.121737602,0.2,1,4.6127,4.442651256,0.306366667,9.18860588,16.67193982,0.686150586,0.007959905,0.437920458,9.6,13.48700649,1,55
1360,南矿集团,20230410,0,0.83029909,0.838533883,20,0,1,0,0.033688614,0.25,0,6.0212,4.442651256,0.306366667,7.478169694,16.67193982,0.702785942,0.030268606,0.448128709,15.38,11.27006378,1,20
601065,江盐集团,20230410,0,0.573359073,0.580437854,33,0,1,1,0.122595646,0.248920278,0,5.7742,4.442651256,0.306366667,7.80016307,16.67193982,0.670958148,0.000475234,0.449304475,10.36,12.01829624,1,15
601133,柏诚股份,20230410,0,1.106346484,1.115823256,29,0,1,0,0.006411759,0.248803828,1,8.3284,4.442651256,0.306366667,7.779885115,16.67193982,0.706911904,0.076055897,0.536924219,11.66,11.92886882,1,20
688433,华曙高科,20230417,0,0.15903976,0.143010185,13,0,1,0,0.069101518,0.100037118,0,5.1887,4.465908119,0.087953333,6.877296071,16.0622356,0.734429943,0.0590544,0.570748234,26.66,11.61233976,1,45
301429,森泰股份,20230417,0,0.149565217,0.133666676,16,0,0,0,0.033480266,0.250042294,0,8.2942,4.465908119,0.087953333,7.390798522,16.0622356,0.700833517,0.105178458,0.555138121,28.75,11.35023005,1,15
301387,光大同创,20230418,1,-0.123799726,-0.126462269,11,0,1,0,0.026458719,0.25,0,7.2658,4.521788577,0.201326667,7.115582126,15.9953737,0.774113825,0.10777267,0.502531988,58.32,11.61555425,1,25
688507,索辰科技,20230418,0,0.02622577,0.023107339,17,1,1,0,0.069172303,0.25000121,1,7.5788,4.521788577,0.201326667,8.033334016,15.9953737,0.711018835,0.05800787,0.665627885,245.56,12.44376379,1,45
301357,北方长龙,20230418,0,0.1986,0.194957769,13,0,1,0,0.041079742,0.25,1,6.82,4.521788577,0.201326667,7.155396302,15.9953737,0.682164315,0.100121272,0.511814117,50,11.35040654,1,25
688539,高华科技,20230418,1,-0.084249084,-0.087031811,23,1,1,0,0.020521403,0.25,1,6.5,4.521788577,0.201326667,6.501289671,15.9953737,0.769302954,0.072328964,0.612874348,38.22,11.751079,1,45
603137,恒尚节能,20230419,0,0.59245283,0.606921552,11,0,0,0,0.016379965,0.250000002,1,7.9167,4.521788577,0.245766667,7.360103973,15.87947279,0.673319747,0.053194003,0.518624484,15.9,10.85794652,1,20
688352,颀中科技,20230420,0,0.439669421,0.443708919,5,0,1,0,0.036057255,0.168203304,1,6.4503,4.49980967,0.20728,7.181591945,15.76089759,0.731315842,0.064355174,0.51122981,12.1,12.39669301,1,45
688146,中船特气,20230421,0,0.357952974,0.385044443,6,0,1,1,0.02474363,0.15,1,1.7642,4.510859507,0.177573333,7.178545484,15.6374191,0.720953939,0.042682729,0.561152916,36.15,12.56747144,1,15
688478,晶升股份,20230424,0,0.306888069,0.323270154,11,1,1,0,0.028676122,0.25,1,7.3333,4.543294782,-0.006713333,6.507277712,15.59299943,0.703341046,0.179548142,0.561457968,32.52,11.63059009,1,45
301307,美利信,20230424,1,-0.086270872,-0.074817108,21,0,1,0,0.025269279,0.251661918,0,6,4.543294782,-0.006713333,7.734558844,15.59299943,0.755919308,0.034021381,0.537640865,32.34,12.05176695,1,45
301360,荣旗科技,20230425,1,-0.091402337,-0.086821835,11,1,1,0,0.010637399,0.250093738,0,8.4124,4.564348191,-0.109713333,7.471363088,15.64823739,0.744975487,0.000344645,0.626607665,71.88,11.47093529,1,45
688249,晶合集成,20230505,0,0.000503525,0.00383324,7,1,1,0,0.036998022,0.25,1,1.9811,4.532599493,-0.118546667,8.699181359,15.43961695,0.645963387,0.053304713,0.489029011,19.86,13.81154127,1,45
301293,三博脑科,20230505,0,0.773648649,0.779551421,19,0,1,0,0.21434508,0.250000112,1,6.8113,4.532599493,-0.118546667,7.291656209,15.43961695,0.669568781,0.001258883,0.516870112,29.6,11.67202616,1,35
301390,经纬股份,20230508,0,0.111140584,0.09861853,20,0,0,0,0.026890958,0.25,1,9.1954,4.532599493,-0.133086667,7.118826249,15.41292418,0.71699555,0.112833572,0.517205617,37.7,10.94288048,1,20
603172,万丰股份,20230510,0,0.308641975,0.318794052,19,0,0,0,0.007892011,0.250262408,0,8.2385,4.510859507,-0.063473333,7.533158807,15.55020307,0.683159709,0.068016436,0.467157575,14.58,10.79277783,1,15
688469,中芯集成,20230510,0,0.107205624,0.115795014,5,0,0,0,0.034381011,0.277108434,1,2.3095,4.510859507,-0.063473333,8.633552993,15.55020307,0.585367792,0.16285316,0.546557064,5.69,13.91730892,1,45
688479,友车科技,20230511,1,-0.141218005,-0.139882242,20,1,1,0,0,0.250000346,1,10.0547,4.510859507,-0.152506667,6.513230111,15.65640177,0.768362968,0.048261826,0.488025241,33.99,11.71697524,1,45
301325,曼恩斯特,20230512,0,0.1734375,0.189201556,8,0,1,0,0.003897071,0.25,0,6.7266,4.532599493,-0.256353333,7.766416898,15.68036299,0.73627521,0.123870107,0.52302719,76.8,12.34757221,1,45
688512,慧智微,20230516,1,-0.089388145,-0.084653975,11,0,0,0,0.088572936,0.119999422,1,6.8786,4.553876892,-0.201533333,6.628041376,15.83513381,0.750842861,0.02254743,0.579686578,20.92,11.64040005,1,45
1380,华纬科技,20230516,0,0.07038835,0.07595318,17,0,1,0,0.030498986,0.25,0,9.1622,4.553876892,-0.201533333,7.559038255,15.83513381,0.67794272,0.148355579,0.507567231,28.84,11.43952088,1,20
301382,蜂助手,20230517,0,0.834453782,0.84281093,11,0,0,0,1.57655E-07,0.250023587,0,8.2,4.521788577,-0.21736,7.167809184,15.94851516,0.664845637,0.004525473,0.474450874,23.8,11.52200413,1,45
688552,航天南湖,20230518,0,0.276806802,0.278128387,33,0,1,1,0.051663136,0.250002079,1,6.1668,4.532599493,-0.117193333,7.101675972,16.07331583,0.703853937,0.198027386,0.543747158,21.17,12.09225575,1,45
301332,德尔玛,20230518,1,-0.031735314,-0.030733092,11,0,0,0,0.103611824,0.2,1,6.5594,4.532599493,-0.117193333,7.237059026,16.07331583,0.78432926,0.041797532,0.499376744,14.81,11.82562529,1,25
301428,世纪恒通,20230519,0,0.760910816,0.766057106,16,1,1,0,0.012621113,0.250000003,1,7.8466,4.543294782,-0.041553333,6.896694332,16.05084442,0.638551878,0.025882804,0.45544163,26.35,11.08222639,1,45
